<?xml version="1.0" encoding="UTF-8"?>
<!DOCTYPE Syntax SYSTEM "syntax_new.dtd">
<Syntax>
	<Language>New Language</Language>
	<Typed>true</Typed>
	<Commands>
      <Command>
        <Id>0</Id>
        <Keys>
          <Key>}</Key>
        </Keys>
        <Code>}</Code>
      </Command>
      <Command>
        <Id>1</Id>
        <Keys>
          <Key>for</Key>
          <Key>--</Key>
          <Key>&gt;=</Key>
          <Key>(</Key>
          <Key>)</Key>
        </Keys>
        <Code>for (@0 = @1; @0 &gt;= @2; @0--){</Code>
      </Command>
      <Command>
        <Id>2</Id>
        <Keys>
          <Key>}</Key>
        </Keys>
        <Code>}</Code>
      </Command>
      <Command>
        <Id>3</Id>
        <Keys>
          <Key>for</Key>
          <Key>++</Key>
          <Key>&lt;=</Key>
          <Key>(</Key>
          <Key>)</Key>
        </Keys>
        <Code>for (@0 = @1; @0 &lt;= @2; @0++){</Code>
      </Command>
      <Command>
        <Id>4</Id>
        <Keys>
          <Key>}</Key>
        </Keys>
        <Code>}</Code>
      </Command>
      <Command>
        <Id>5</Id>
        <Keys>
          <Key>for</Key>
          <Key>--</Key>
          <Key>(</Key>
          <Key>)</Key>
        </Keys>
        <Code>for (@0 = @1; @0 &gt; @2; @0--){</Code>
      </Command>
      <Command>
        <Id>6</Id>
        <Keys>
          <Key>}</Key>
        </Keys>
        <Code>}</Code>
      </Command>
      <Command>
        <Id>7</Id>
        <Keys>
          <Key>for</Key>
          <Key>++</Key>
          <Key>(</Key>
          <Key>)</Key>
        </Keys>
        <Code>for (@0 = @1; @0 &lt; @2; @0++){</Code>
      </Command>
      <Command>
        <Id>8</Id>
        <Keys>
          <Key>}</Key>
        </Keys>
        <Code>}</Code>
      </Command>
      <Command>
        <Id>9</Id>
        <Keys>
          <Key>for</Key>
          <Key>&gt;=</Key>
          <Key>(</Key>
          <Key>)</Key>
        </Keys>
        <Code>for (@0 = @1; @0 &gt;= @2; @0 = @0-@3){</Code>
      </Command>
      <Command>
        <Id>10</Id>
        <Keys>
          <Key>}</Key>
        </Keys>
        <Code>}</Code>
      </Command>
      <Command>
        <Id>11</Id>
        <Keys>
          <Key>for</Key>
          <Key>&lt;=</Key>
          <Key>(</Key>
          <Key>)</Key>
        </Keys>
        <Code>for (@0 = @1; @0 &lt;= @2; @0 = @0+@3){</Code>
      </Command>
      <Command>
        <Id>12</Id>
        <Keys>
          <Key>}</Key>
        </Keys>
        <Code>}</Code>
      </Command>
      <Command>
        <Id>13</Id>
        <Keys>
          <Key>for</Key>
          <Key>&gt;</Key>
          <Key>(</Key>
          <Key>)</Key>
        </Keys>
        <Code>for (@0 = @1; @0 &gt; @2; @0 = @0-@3){</Code>
      </Command>
      <Command>
        <Id>14</Id>
        <Keys>
          <Key>}</Key>
        </Keys>
        <Code>}</Code>
      </Command>
      <Command>
        <Id>15</Id>
        <Keys>
          <Key>for</Key>
          <Key>&lt;</Key>
          <Key>(</Key>
          <Key>)</Key>
        </Keys>
        <Code>for (@0 = @1; @0 &lt; @2; @0 = @0+@3){</Code>
      </Command>
      <Command>
        <Id>16</Id>
        <Keys>
          <Key>}</Key>
        </Keys>
        <Code>}</Code>
      </Command>
      <Command>
        <Id>17</Id>
        <Keys>
          <Key>while</Key>
          <Key>(</Key>
          <Key>)</Key>
          <Key>{</Key>
        </Keys>
        <Code>while (@0){</Code>
      </Command>
      <Command>
      	<Id>18</Id>
      	<Keys>
      		<Key>}</Key>
      		<Key>while</Key>
      		<Key>(</Key>
      		<Key>)</Key>
      		<Key>;</Key></Keys>
      	<Code>} while (@0);</Code>
      </Command>
      <Command>
      	<Id>19</Id>
      	<Keys>
      		<Key>do</Key>
      		<Key>{</Key></Keys>
      	<Code>do {</Code>
      </Command>
      <Command>
        <Id>20</Id>
        <Keys>
          <Key>}</Key>
        </Keys>
        <Code>}</Code>
      </Command>
      <Command>
        <Id>21</Id>
        <Keys>
          <Key>else</Key>
          <Key>if</Key>
          <Key>{</Key>
        </Keys>
        <Code>else if (@0){</Code>
      </Command>
      <Command>
        <Id>22</Id>
        <Keys>
          <Key>}</Key>
        </Keys>
        <Code>}</Code>
      </Command>
      <Command>
        <Id>23</Id>
        <Keys>
          <Key>if</Key>
          <Key>{</Key>
        </Keys>
        <Code>if (@0){</Code>
      </Command>
      <Command>
        <Id>24</Id>
        <Keys>
          <Key>}</Key>
        </Keys>
        <Code>}</Code>
      </Command>
      <Command>
        <Id>25</Id>
        <Keys>
          <Key>else</Key>
          <Key>{</Key>
        </Keys>
        <Code>else{</Code>
      </Command>
      <Command>
        <Id>26</Id>
        <Keys>
          <Key>}</Key>
        </Keys>
        <Code>}</Code>
      </Command>
      <Command>
        <Id>27</Id>
        <Keys>
          <Key>public</Key>
          <Key>static</Key>
          <Key>main</Key>
        </Keys>
        <Code>public static void main(String[] args){</Code>
      </Command>
      <Command>
        <Id>28</Id>
        <Keys>
          <Key>}</Key>
        </Keys>
        <Code>}</Code>
      </Command>
      <Command>
        <Id>29</Id>
        <Keys>
          <Key>public</Key>
          <Key>static</Key>
          <Key>void</Key>
          <Key>{</Key>
        </Keys>
        <Code>public static void @0(@1){</Code>
      </Command>
      <Command>
        <Id>30</Id>
        <Keys>
          <Key>}</Key>
        </Keys>
        <Code>}</Code>
      </Command>
      <Command>
        <Id>31</Id>
        <Keys>
          <Key>private</Key>
          <Key>static</Key>
          <Key>void</Key>
          <Key>{</Key>
        </Keys>
        <Code>private static void @0(@1){</Code>
      </Command>
      <Command>
        <Id>32</Id>
        <Keys>
          <Key>}</Key>
        </Keys>
        <Code>}</Code>
      </Command>
      <Command>
        <Id>33</Id>
        <Keys>
          <Key>public</Key>
          <Key>void</Key>
        </Keys>
        <Code>public void @0(@1){</Code>
      </Command>
      <Command>
        <Id>34</Id>
        <Keys>
          <Key>}</Key>
        </Keys>
        <Code>}</Code>
      </Command>
      <Command>
        <Id>35</Id>
        <Keys>
          <Key>private</Key>
          <Key>void</Key>
        </Keys>
        <Code>private void @0(@1){</Code>
      </Command>
      <Command>
        <Id>36</Id>
        <Keys>
          <Key>}</Key>
        </Keys>
        <Code>}</Code>
      </Command>
      <Command>
        <Id>37</Id>
        <Keys>
          <Key>public</Key>
          <Key>class</Key>
        </Keys>
        <Code>public class @0{</Code>
      </Command>
      <Command>
        <Id>38</Id>
        <Keys>
          <Key>}</Key>
        </Keys>
        <Code>}</Code>
      </Command>
      <Command>
        <Id>39</Id>
        <Keys>
          <Key>private</Key>
          <Key>class</Key>
        </Keys>
        <Code>private class @0{</Code>
      </Command>
      <Command>
        <Id>40</Id>
        <Keys>
          <Key>}</Key>
        </Keys>
        <Code>}</Code>
      </Command>
      <Command>
        <Id>41</Id>
        <Keys>
          <Key>class</Key>
        </Keys>
        <Code>class @0{</Code>
      </Command>
      <Command>
        <Id>42</Id>
        <Keys>
          <Key>}</Key>
        </Keys>
        <Code>}</Code>
      </Command>
      <Command>
        <Id>43</Id>
        <Keys>
          <Key>public</Key>
          <Key>static</Key>
          <Key>{</Key>
        </Keys>
        <Code>public static @0 @1(@2){</Code>
      </Command>
      <Command>
        <Id>44</Id>
        <Keys>
          <Key>}</Key>
        </Keys>
        <Code>}</Code>
      </Command>
      <Command>
        <Id>45</Id>
        <Keys>
          <Key>private</Key>
          <Key>static</Key>
          <Key>{</Key>
        </Keys>
        <Code>private static @0 @1(@2){</Code>
      </Command>
      <Command>
        <Id>46</Id>
        <Keys>
          <Key>}</Key>
        </Keys>
        <Code>}</Code>
      </Command>
      <Command>
        <Id>47</Id>
        <Keys>
          <Key>public</Key>
          <Key>{</Key>
        </Keys>
        <Code>public @0 @1 (@2){</Code>
      </Command>
      <Command>
        <Id>48</Id>
        <Keys>
          <Key>}</Key>
        </Keys>
        <Code>}</Code>
      </Command>
      <Command>
        <Id>49</Id>
        <Keys>
          <Key>private</Key>
          <Key>{</Key>
        </Keys>
        <Code>private @0 @1 (@2){</Code>
      </Command>
      <Command>
        <Id>50</Id>
        <Keys>
          <Key>}</Key>
        </Keys>
        <Code>}</Code>
      </Command>
      <Command>
        <Id>51</Id>
        <Keys>
          <Key>switch</Key>
        </Keys>
        <Code>switch(@0){</Code>
      </Command>
      <Command>
        <Id>52</Id>
        <Keys>
          <Key>}</Key>
        </Keys>
        <Code>}</Code>
      </Command>
      <Command>
        <Id>53</Id>
        <Keys>
          <Key>public</Key>
          <Key>{</Key>
        </Keys>
        <Code>public @0(@1){</Code>
      </Command>
      <Command>
        <Id>54</Id>
        <Keys>
          <Key>return</Key>
        </Keys>
        <Code>return @0;</Code>
      </Command>
      <Command>
        <Id>55</Id>
        <Keys>
          <Key>System.out.println</Key>
        </Keys>
        <Code>System.out.println(@0);</Code>
      </Command>
	  <Command>
        <Id>55</Id>
        <Keys>
          <Key>System.out.print</Key>
        </Keys>
        <Code>System.out.print(@0);</Code>
      </Command>
      <Command>
        <Id>56</Id>
        <Keys>
          <Key>else</Key>
          <Key>if</Key>
        </Keys>
        <Code>else if (@0)</Code>
      </Command>
      <Command>
        <Id>57</Id>
        <Keys>
          <Key>if</Key>
          <Key>(</Key>
        </Keys>
        <Code>if (@0)</Code>
      </Command>
      <Command>
        <Id>58</Id>
        <Keys>
          <Key>else</Key>
        </Keys>
        <Code>else</Code>
      </Command>
      <Command>
        <Id>59</Id>
        <Keys>
          <Key>int</Key>
          <Key>[][]</Key>
          <Key>new</Key>
        </Keys>
        <Code>int[][] @0 = new int[@1][@2];</Code>
      </Command>
      <Command>
        <Id>60</Id>
        <Keys>
          <Key>float</Key>
          <Key>[][]</Key>
          <Key>new</Key>
        </Keys>
        <Code>float[][] @0 = new float[@1][@2];</Code>
      </Command>
      <Command>
        <Id>61</Id>
        <Keys>
          <Key>double</Key>
          <Key>[][]</Key>
          <Key>new</Key>
        </Keys>
        <Code>double[][] @0 = new double[@1][@2];</Code>
      </Command>
      <Command>
        <Id>62</Id>
        <Keys>
          <Key>String</Key>
          <Key>[][]</Key>
          <Key>new</Key>
        </Keys>
        <Code>String[][] @0 = new String[@1][@2];</Code>
      </Command>
      <Command>
        <Id>63</Id>
        <Keys>
          <Key>boolean</Key>
          <Key>[][]</Key>
          <Key>new</Key>
        </Keys>
        <Code>boolean[][] @0 = new boolean[@1][@2];</Code>
      </Command>
      <Command>
        <Id>64</Id>
        <Keys>
          <Key>int</Key>
          <Key>[]</Key>
          <Key>new</Key>
        </Keys>
        <Code>int[] @0 = new int[@1];</Code>
      </Command>
      <Command>
        <Id>65</Id>
        <Keys>
          <Key>float</Key>
          <Key>[]</Key>
          <Key>new</Key>
        </Keys>
        <Code>float[] @0 = new float[@1];</Code>
      </Command>
      <Command>
        <Id>66</Id>
        <Keys>
          <Key>double</Key>
          <Key>[]</Key>
          <Key>new</Key>
        </Keys>
        <Code>double[] @0 = new double[@1];</Code>
      </Command>
      <Command>
        <Id>67</Id>
        <Keys>
          <Key>String</Key>
          <Key>[]</Key>
          <Key>new</Key>
        </Keys>
        <Code>String[] @0 = new String[@1];</Code>
      </Command>
      <Command>
        <Id>68</Id>
        <Keys>
          <Key>boolean</Key>
          <Key>[]</Key>
          <Key>new</Key>
        </Keys>
        <Code>boolean[] @0 = new boolean[@1];</Code>
      </Command>
      <Command>
        <Id>69</Id>
        <Keys>
          <Key>int</Key>
          <Key>[][]</Key>
          <Key>{</Key>
          <Key>}</Key>
        </Keys>
        <Code>int[][] @0 = @1;</Code>
      </Command>
      <Command>
        <Id>70</Id>
        <Keys>
          <Key>float</Key>
          <Key>[][]</Key>
          <Key>{</Key>
          <Key>}</Key>
        </Keys>
        <Code>float[][] @0 = @1;</Code>
      </Command>
      <Command>
        <Id>71</Id>
        <Keys>
          <Key>double</Key>
          <Key>[][]</Key>
          <Key>{</Key>
          <Key>}</Key>
        </Keys>
        <Code>double[][] @0 = @1;</Code>
      </Command>
      <Command>
        <Id>72</Id>
        <Keys>
          <Key>String</Key>
          <Key>[][]</Key>
          <Key>{</Key>
          <Key>}</Key>
        </Keys>
        <Code>String[][] @0 = @1;</Code>
      </Command>
      <Command>
        <Id>73</Id>
        <Keys>
          <Key>boolean</Key>
          <Key>[][]</Key>
          <Key>{</Key>
          <Key>}</Key>
        </Keys>
        <Code>boolean[][] @0 = @1;</Code>
      </Command>
      <Command>
        <Id>74</Id>
        <Keys>
          <Key>int</Key>
          <Key>[]</Key>
          <Key>{</Key>
          <Key>}</Key>
        </Keys>
        <Code>int[] @0 = @1;</Code>
      </Command>
      <Command>
        <Id>75</Id>
        <Keys>
          <Key>float</Key>
          <Key>[]</Key>
          <Key>{</Key>
          <Key>}</Key>
        </Keys>
        <Code>float[] @0 = @1;</Code>
      </Command>
      <Command>
        <Id>76</Id>
        <Keys>
          <Key>double</Key>
          <Key>[]</Key>
          <Key>{</Key>
          <Key>}</Key>
        </Keys>
        <Code>double[] @0 = @1;</Code>
      </Command>
      <Command>
        <Id>77</Id>
        <Keys>
          <Key>String</Key>
          <Key>[]</Key>
          <Key>{</Key>
          <Key>}</Key>
        </Keys>
        <Code>String[] @0 = @1;</Code>
      </Command>
      <Command>
        <Id>78</Id>
        <Keys>
          <Key>boolean</Key>
          <Key>[]</Key>
          <Key>{</Key>
          <Key>}</Key>
        </Keys>
        <Code>boolean[] @0 = @1;</Code>
      </Command>
      <Command>
        <Id>79</Id>
        <Keys>
          <Key>new</Key>
          <Key>=</Key>
        </Keys>
        <Code>@0 = new @1(@2);</Code>
      </Command>
      <Command>
        <Id>80</Id>
        <Keys>
          <Key>new</Key>
        </Keys>
        <Code>new @0(@1);</Code>
      </Command>
      <Command>
        <Id>81</Id>
        <Keys>
          <Key>+=</Key>
        </Keys>
        <Code>@0 += @1;</Code>
      </Command>
      <Command>
        <Id>82</Id>
        <Keys>
          <Key>-=</Key>
        </Keys>
        <Code>@0 -= @1;</Code>
      </Command>
      <Command>
        <Id>83</Id>
        <Keys>
          <Key>*=</Key>
        </Keys>
        <Code>@0 *= @1;</Code>
      </Command>
      <Command>
        <Id>84</Id>
        <Keys>
          <Key>/=</Key>
        </Keys>
        <Code>@0 /= @1;</Code>
      </Command>
      <Command>
        <Id>85</Id>
        <Keys>
          <Key>=</Key>
		  <Key>int </Key>
        </Keys>
        <Code>int @0 = @1;</Code>
      </Command>
	  <Command>
        <Id>85</Id>
        <Keys>
		  <Key>float</Key>
          <Key>=</Key>
        </Keys>
        <Code>float @0 = @1;</Code>
      </Command>
	  <Command>
        <Id>85</Id>
        <Keys>
		  <Key>double</Key>
          <Key>=</Key>
        </Keys>
        <Code>double @0 = @1;</Code>
      </Command>
	  <Command>
        <Id>85</Id>
        <Keys>
		  <Key>boolean</Key>
          <Key>=</Key>
        </Keys>
        <Code>boolean @0 = @1;</Code>
      </Command>
	  <Command>
        <Id>85</Id>
        <Keys>
		  <Key>String</Key>
          <Key>=</Key>
        </Keys>
        <Code>String @0 = @1;</Code>
      </Command>
	  <Command>
        <Id>85</Id>
        <Keys>
          <Key>=</Key>
        </Keys>
        <Code>@0 = @1;</Code>
      </Command>
      <Command>
        <Id>86</Id>
        <Keys>
          <Key>++</Key>
        </Keys>
        <Code>@0++;</Code>
      </Command>
      <Command>
        <Id>87</Id>
        <Keys>
          <Key>--</Key>
        </Keys>
        <Code>@0--;</Code>
      </Command>
      <Command>
        <Id>88</Id>
        <Keys>
          <Key>case</Key>
          <Key>;</Key>
        </Keys>
        <Code>case @0 : @1;</Code>
      </Command>
      <Command>
        <Id>89</Id>
        <Keys>
          <Key>case</Key>
        </Keys>
        <Code>case @0 :</Code>
      </Command>
      <Command>
        <Id>90</Id>
        <Keys>
          <Key>//</Key>
        </Keys>
        <Code>//@0</Code>
      </Command>
      <Command>
        <Id>91</Id>
        <Keys>
          <Key>/*</Key>
          <Key>*/</Key>
        </Keys>
        <Code>/*@0*/</Code>
      </Command>
      <Command>
        <Id>92</Id>
        <Keys>
          <Key>/*</Key>
        </Keys>
        <Code>/*@0</Code>
      </Command>
      <Command>
        <Id>93</Id>
        <Keys>
          <Key>*/</Key>
        </Keys>
        <Code>@0*/</Code>
      </Command>
      <Command>
        <Id>94</Id>
        <Keys>
          <Key>(</Key>
          <Key>)</Key>
        </Keys>
        <Code>@0(@1);</Code>
      </Command>
      <Command>
        <Id>95</Id>
        <Keys>
          <Key>break;</Key>
        </Keys>
        <Code>break;</Code>
      </Command>
      <Command>
        <Id>96</Id>
        <Keys>
          <Key>continue;</Key>
        </Keys>
        <Code>continue;</Code>
      </Command>
      <Command>
        <Id>97</Id>
        <Keys>
          <Key>;</Key>
        </Keys>
        <Code>@0;</Code>
      </Command>
	  <Command>
        <Id>98</Id>
        <Keys>
          <Key>CATENATE STRING CHAR: +</Key>
        </Keys>
        <Code>CATENATE STRING CHAR: +</Code>
      </Command>
	  <Command>
        <Id>99</Id>
        <Keys>
          <Key>CATENATE NUMBER CHAR: +</Key>
        </Keys>
        <Code>CATENATE NUMBER CHAR: +</Code>
      </Command>
	  <Command>
        <Id>100</Id>
        <Keys>
          <Key>VARIABLE PREFIX: </Key>
        </Keys>
        <Code>VARIABLE PREFIX: </Code>
      </Command>
    </Commands>
</Syntax>
